<?xml version="1.0"?>
<!DOCTYPE service-builder PUBLIC "-//Liferay//DTD Service Builder 7.0.0//EN" "http://www.liferay.com/dtd/liferay-service-builder_7_0_0.dtd">

<service-builder package-path="fi.jguru.yubikey.otp.login.service">
	<author>Mika Koivisto</author>
	<namespace>JGURU</namespace>
	<entity local-service="true" name="YubikeyOTPKeyEntry" remote-service="false" uuid="false">

		<!-- PK fields -->

		<column name="keyId" primary="true" type="long" />

		<!-- Audit fields -->

		<column name="companyId" type="long" />
		<column name="userId" type="long" />
		<column name="userName" type="String" />
		<column name="createDate" type="Date" />
		<column name="modifiedDate" type="Date" />

		<!-- Other fields -->

		<column name="publicId" type="String" />
		<column name="name" type="String" />

		<!-- Order -->

		<order by="asc">
			<order-column name="keyId" />
		</order>

		<!-- Finder methods -->

		<finder name="PublicId" return-type="YubikeyOTPKeyEntry" unique="true">
			<finder-column name="publicId" />
		</finder>
		<finder name="UserId" return-type="Collection">
			<finder-column name="userId" />
		</finder>
	</entity>
	<exceptions>
		<exception>DuplicateYubikeyOTPKeyEntry</exception>
	</exceptions>
</service-builder>